OACI,Aeropuerto,Latitud,Longitud,Fecha,METAR,FECHA_HORA_REPORTE
SKBO,Bogotá / El Dorado,4.70306,-74.13833,07-05-2026 13:05:00,SKBO 071300Z VRB04KT 9000 FEW015 SCT040 14/13 Q1029 NOSIG RMK HZ=,2026-05-07 13:05:00
SKBO,Bogotá / El Dorado,4.70306,-74.13833,07-05-2026 13:05:00,SKBO 071315Z 07007KT 030V130 9999 FEW020 SCT040 16/12 Q1029 NOSIG RMK HZ=,2026-05-07 13:05:00
SKBO,Bogotá / El Dorado,4.70306,-74.13833,07-05-2026 14:05:00,SKBO 071400Z 07006KT 020V110 9999 FEW020 BKN035 16/11 Q1029 NOSIG RMK HZ=,2026-05-07 14:05:00
SKBO,Bogotá / El Dorado,4.70306,-74.13833,07-05-2026 15:05:00,SKBO 071500Z 21004KT 150V260 9999 BKN030 18/10 Q1029 NOSIG =,2026-05-07 15:05:00
SKBO,Bogotá / El Dorado,4.70306,-74.13833,07-05-2026 16:05:00,SKBO 071600Z 09008KT 050V140 9999 BKN040 18/10 Q1029 NOSIG =,2026-05-07 16:05:00
SKBO,Bogotá / El Dorado,4.70306,-74.13833,07-05-2026 17:05:00,SKBO 071700Z 12007KT 070V180 9999 VCSH BKN040 18/10 Q1028 TEMPO DZ RMK VCSH/SE =,2026-05-07 17:05:00
SKBO,Bogotá / El Dorado,4.70306,-74.13833,07-05-2026 18:05:00,SKBO 071800Z 13008KT 060V170 9999 SCT030 BKN060 18/10 Q1028 NOSIG =,2026-05-07 18:05:00
SKBO,Bogotá / El Dorado,4.70306,-74.13833,07-05-2026 19:05:00,SKBO 071900Z 17005KT 090V220 9999 RA FEW020 BKN040 18/09 Q1026 NOSIG =,2026-05-07 19:05:00
SKBO,Bogotá / El Dorado,4.70306,-74.13833,07-05-2026 20:05:00,SKBO 072000Z 07005KT 030V110 9999 SCT030 BKN060 17/13 Q1026 RERA NOSIG =,2026-05-07 20:05:00
SKBO,Bogotá / El Dorado,4.70306,-74.13833,07-05-2026 21:05:00,SKBO 072100Z 04004KT 360V070 9999 FEW030 BKN060 18/12 Q1025 NOSIG =,2026-05-07 21:05:00
SKBO,Bogotá / El Dorado,4.70306,-74.13833,07-05-2026 22:05:00,SKBO 072200Z 03007KT 360V070 9999 SCT035 SCT070 18/11 Q1025 NOSIG =,2026-05-07 22:05:00
SKBO,Bogotá / El Dorado,4.70306,-74.13833,07-05-2026 23:05:00,SKBO 072300Z 11003KT 030V170 9999 SCT040 18/11 Q1025 NOSIG =,2026-05-07 23:05:00
SKBO,Bogotá / El Dorado,4.70306,-74.13833,08-05-2026 00:05:00,SKBO 080000Z 25004KT 210V300 9999 FEW040 16/12 Q1026 NOSIG =,2026-05-08 00:05:00
SKBO,Bogotá / El Dorado,4.70306,-74.13833,08-05-2026 01:05:00,SKBO 080100Z 31005KT 270V340 9999 FEW015 SCT035 14/11 Q1027 NOSIG =,2026-05-08 01:05:00
SKBO,Bogotá / El Dorado,4.70306,-74.13833,08-05-2026 02:05:00,SKBO 080200Z VRB02KT 9999 SCT030 12/11 Q1027 NOSIG =,2026-05-08 02:05:00
SKBO,Bogotá / El Dorado,4.70306,-74.13833,08-05-2026 03:05:00,SKBO 080300Z VRB02KT 9999 SCT030 BKN050 12/11 Q1028 NOSIG =,2026-05-08 03:05:00
SKBO,Bogotá / El Dorado,4.70306,-74.13833,08-05-2026 04:05:00,SKBO 080400Z 35003KT 9999 FEW030 BKN050 13/11 Q1028 NOSIG =,2026-05-08 04:05:00
SKBO,Bogotá / El Dorado,4.70306,-74.13833,08-05-2026 05:05:00,SKBO 080500Z 35003KT 9999 FEW030 BKN080 12/12 Q1028 NOSIG =,2026-05-08 05:05:00
SKBO,Bogotá / El Dorado,4.70306,-74.13833,08-05-2026 06:05:00,SKBO 080600Z VRB01KT 9999 BKN070 12/11 Q1027 NOSIG =,2026-05-08 06:05:00
SKBO,Bogotá / El Dorado,4.70306,-74.13833,08-05-2026 07:05:00,SKBO 080700Z VRB01KT 9999 FEW015 BKN050 11/11 Q1027 NOSIG =,2026-05-08 07:05:00
SKBO,Bogotá / El Dorado,4.70306,-74.13833,08-05-2026 08:05:00,SKBO 080800Z VRB02KT 9999 FEW025 BKN050 12/12 Q1026 NOSIG =,2026-05-08 08:05:00
SKBO,Bogotá / El Dorado,4.70306,-74.13833,08-05-2026 09:05:00,SKBO 080900Z VRB01KT 9999 BKN040 11/11 Q1026 NOSIG =,2026-05-08 09:05:00
SKBO,Bogotá / El Dorado,4.70306,-74.13833,08-05-2026 10:05:00,SKBO 081000Z 34003KT 9999 MIFG NSC 10/10 Q1026 TEMPO 5000 BR =,2026-05-08 10:05:00
SKBO,Bogotá / El Dorado,4.70306,-74.13833,08-05-2026 10:05:00,SKBO 081030Z 01002KT 9999 MIFG FEW020 10/10 Q1026 TEMPO 5000 BR =,2026-05-08 10:05:00
SKBO,Bogotá / El Dorado,4.70306,-74.13833,08-05-2026 11:05:00,SKBO 081100Z 04002KT 9999 MIFG FEW005 SCT050 09/09 Q1026 TEMPO 5000 BCFG =,2026-05-08 11:05:00
SKBO,Bogotá / El Dorado,4.70306,-74.13833,08-05-2026 12:05:00,SKBO 081200Z 05003KT 9999 VCFG FEW035 BKN080 10/10 Q1027 NOSIG RMK VCFG SE/S =,2026-05-08 12:05:00
SKBO,Bogotá / El Dorado,4.70306,-74.13833,08-05-2026 12:05:00,SKBO 081211Z 06005KT 9999 VCFG FEW035 BKN080 13/13 Q1027 NOSIG RMK VCFG SE/S =,2026-05-08 12:05:00
SKBO,Bogotá / El Dorado,4.70306,-74.13833,08-05-2026 12:05:00,SKBO 081233Z 06005KT 9999 VCFG FEW040 BKN080 15/12 Q1027 NOSIG RMK VCFG S =,2026-05-08 12:05:00
SKBO,Bogotá / El Dorado,4.70306,-74.13833,08-05-2026 13:05:00,SKBO 081300Z 06005KT 020V110 9999 FEW040 SCT080 15/11 Q1028 NOSIG =,2026-05-08 13:05:00
SKBO,Bogotá / El Dorado,4.70306,-74.13833,08-05-2026 13:05:00,SKBO 081323Z 12005KT 030V160 9999 FEW040 SCT080 17/10 Q1028 NOSIG =,2026-05-08 13:05:00
SKBO,Bogotá / El Dorado,4.70306,-74.13833,08-05-2026 14:05:00,SKBO 081400Z 08005KT 040V150 9999 SCT040 17/10 Q1028 NOSIG =,2026-05-08 14:05:00
SKBO,Bogotá / El Dorado,4.70306,-74.13833,08-05-2026 15:05:00,SKBO 081500Z 07007KT 040V140 9999 BKN045 19/08 Q1028 =,2026-05-08 15:05:00
SKBO,Bogotá / El Dorado,4.70306,-74.13833,08-05-2026 16:05:00,SKBO 081600Z 09006KT 040V150 9999 BKN050 20/08 Q1027 NOSIG =,2026-05-08 16:05:00
SKBO,Bogotá / El Dorado,4.70306,-74.13833,08-05-2026 17:05:00,SKBO 081700Z 09007KT 050V160 9999 BKN050 20/08 Q1026 NOSIG =,2026-05-08 17:05:00
SKBO,Bogotá / El Dorado,4.70306,-74.13833,08-05-2026 18:05:00,SKBO 081800Z 10006KT 010V170 9999 BKN050 21/07 Q1026 NOSIG =,2026-05-08 18:05:00
SKBO,Bogotá / El Dorado,4.70306,-74.13833,08-05-2026 19:05:00,SKBO 081900Z 06008KT 020V120 9999 BKN050 21/09 Q1024 NOSIG =,2026-05-08 19:05:00
SKBO,Bogotá / El Dorado,4.70306,-74.13833,08-05-2026 20:05:00,SKBO 082000Z 10006KT 030V140 9999 FEW030TCU BKN052 20/09 Q1024 NOSIG RMK TCUNW =,2026-05-08 20:05:00
SKBO,Bogotá / El Dorado,4.70306,-74.13833,08-05-2026 21:05:00,SKBO 082100Z 24007KT 130V260 9999 SCT038TCU BKN055 18/13 Q1023 NOSIG RMK TCUSW/NW =,2026-05-08 21:05:00
SKBO,Bogotá / El Dorado,4.70306,-74.13833,08-05-2026 22:05:00,SKBO 082200Z 27005KT 170V310 9999 VCSH FEW025TCU SCT046 18/12 Q1023 NOSIG RMK TCUVCSH/NW =,2026-05-08 22:05:00
SKBO,Bogotá / El Dorado,4.70306,-74.13833,08-05-2026 23:05:00,SKBO 082300Z 29006KT 260V320 9999 VCSH FEW015TCU SCT029 16/14 Q1024 NOSIG RMK TCUVCSH/NW =,2026-05-08 23:05:00
SKBO,Bogotá / El Dorado,4.70306,-74.13833,09-05-2026 00:05:00,SKBO 090000Z VRB02KT 9999 FEW020 SCT080 15/14 Q1025 NOSIG =,2026-05-09 00:05:00
SKBO,Bogotá / El Dorado,4.70306,-74.13833,09-05-2026 01:05:00,SKBO 090100Z VRB02KT 9999 FEW025 13/13 Q1026 NOSIG =,2026-05-09 01:05:00
SKBO,Bogotá / El Dorado,4.70306,-74.13833,09-05-2026 02:05:00,SKBO 090200Z 35003KT 9999 FEW012 11/11 Q1027 NOSIG =,2026-05-09 02:05:00
SKBO,Bogotá / El Dorado,4.70306,-74.13833,09-05-2026 03:05:00,SKBO 090300Z 03002KT 9999 MIFG FEW015 11/11 Q1027 =,2026-05-09 03:05:00
SKBO,Bogotá / El Dorado,4.70306,-74.13833,09-05-2026 04:05:00,SKBO 090400Z 05006KT 9999 FEW010 11/10 Q1027 NOSIG =,2026-05-09 04:05:00
SKBO,Bogotá / El Dorado,4.70306,-74.13833,09-05-2026 05:05:00,SKBO 090500Z 04004KT 9999 FEW015 11/10 Q1027 NOSIG =,2026-05-09 05:05:00
SKBO,Bogotá / El Dorado,4.70306,-74.13833,09-05-2026 06:05:00,SKBO 090600Z 03002KT 9999 FEW010 11/10 Q1027 NOSIG =,2026-05-09 06:05:00
SKBO,Bogotá / El Dorado,4.70306,-74.13833,09-05-2026 07:05:00,SKBO 090700Z 05005KT 9999 FEW020 09/09 Q1026 NOSIG =,2026-05-09 07:05:00
SKBO,Bogotá / El Dorado,4.70306,-74.13833,09-05-2026 08:05:00,SKBO 090800Z 04005KT 9999 NSC 10/10 Q1025 =,2026-05-09 08:05:00
SKBO,Bogotá / El Dorado,4.70306,-74.13833,09-05-2026 09:05:00,SKBO 090900Z 36003KT 9999 NSC 09/09 Q1025 NOSIG =,2026-05-09 09:05:00
SKBO,Bogotá / El Dorado,4.70306,-74.13833,09-05-2026 10:05:00,SKBO 091000Z VRB02KT 9999 NSC 08/08 Q1025 =,2026-05-09 10:05:00
SKBO,Bogotá / El Dorado,4.70306,-74.13833,09-05-2026 10:05:00,SKBO 091042Z 04004KT 9999 VCFG FEW020 08/08 Q1025 NOSIG =,2026-05-09 10:05:00
SKBO,Bogotá / El Dorado,4.70306,-74.13833,09-05-2026 11:05:00,SKBO 091100Z 05005KT 9999 VCFG FEW020 08/08 Q1026 NOSIG RMK VCFG/NW/N =,2026-05-09 11:05:00
SKBO,Bogotá / El Dorado,4.70306,-74.13833,09-05-2026 11:05:00,SKBO 091130Z 06005KT 030V090 9999 VCFG FEW020 10/10 Q1026 NOSIG RMK VCFG/NE/N =,2026-05-09 11:05:00
SKBO,Bogotá / El Dorado,4.70306,-74.13833,09-05-2026 12:05:00,SKBO 091200Z 07005KT 040V120 9999 VCFG NSC 11/10 Q1026 NOSIG RMK VCFG/NE =,2026-05-09 12:05:00
SKBO,Bogotá / El Dorado,4.70306,-74.13833,09-05-2026 13:05:00,SKBO 091300Z 05007KT 9999 VCFG NSC 13/10 Q1027 NOSIG RMK VCFG/NE =,2026-05-09 13:05:00
SKBO,Bogotá / El Dorado,4.70306,-74.13833,09-05-2026 13:05:00,SKBO 091321Z 05007KT CAVOK 15/10 Q1027 NOSIG =,2026-05-09 13:05:00
SKBO,Bogotá / El Dorado,4.70306,-74.13833,09-05-2026 14:05:00,SKBO 091400Z 05006KT 020V080 CAVOK 16/09 Q1027 NOSIG =,2026-05-09 14:05:00
SKBO,Bogotá / El Dorado,4.70306,-74.13833,09-05-2026 14:05:00,SKBO 091421Z 06009KT 030V090 CAVOK 18/08 Q1027 NOSIG =,2026-05-09 14:05:00
SKBO,Bogotá / El Dorado,4.70306,-74.13833,09-05-2026 15:05:00,SKBO 091500Z 10009KT 050V150 CAVOK 19/04 Q1027 NOSIG =,2026-05-09 15:05:00
