OACI,Aeropuerto,Latitud,Longitud,Fecha,METAR,FECHA_HORA_REPORTE
SKBO,Bogotá / El Dorado,4.70306,-74.13833,06-05-2026 04:05:00,SKBO 060400Z 04004KT 9999 SCT060 12/11 Q1029 NOSIG =,2026-05-06 04:05:00
SKBO,Bogotá / El Dorado,4.70306,-74.13833,06-05-2026 04:05:00,SKBO 060430Z 04005KT 350V060 9999 -DZ BKN055 12/12 Q1029 NOSIG =,2026-05-06 04:05:00
SKBO,Bogotá / El Dorado,4.70306,-74.13833,06-05-2026 05:05:00,SKBO 060500Z 05004KT 9999 BKN055 13/12 Q1029 REDZ NOSIG =,2026-05-06 05:05:00
SKBO,Bogotá / El Dorado,4.70306,-74.13833,06-05-2026 05:05:00,SKBO 060538Z 03003KT 350V050 9999 -RA OVC050 13/12 Q1029 NOSIG =,2026-05-06 05:05:00
SKBO,Bogotá / El Dorado,4.70306,-74.13833,06-05-2026 06:05:00,SKBO 060600Z 04004KT 9000 -RA OVC050 13/13 Q1029 NOSIG =,2026-05-06 06:05:00
SKBO,Bogotá / El Dorado,4.70306,-74.13833,06-05-2026 07:05:00,SKBO 060700Z VRB02KT 9999 -RA BKN060 12/12 Q1028 NOSIG =,2026-05-06 07:05:00
SKBO,Bogotá / El Dorado,4.70306,-74.13833,06-05-2026 08:05:00,SKBO 060800Z VRB01KT 9999 -DZ FEW026 SCT052 12/12 Q1028 RERA NOSIG =,2026-05-06 08:05:00
SKBO,Bogotá / El Dorado,4.70306,-74.13833,06-05-2026 09:05:00,SKBO 060900Z 36002KT 9999 FEW020 BKN060 12/12 Q1027 REDZ NOSIG =,2026-05-06 09:05:00
SKBO,Bogotá / El Dorado,4.70306,-74.13833,06-05-2026 10:05:00,SKBO 061000Z VRB02KT 9999 FEW020 BKN030 12/12 Q1028 NOSIG =,2026-05-06 10:05:00
SKBO,Bogotá / El Dorado,4.70306,-74.13833,06-05-2026 11:05:00,SKBO 061100Z VRB02KT 9999 VCSH SCT037 OVC065 12/12 Q1028 TEMPO DZ RMK VCSH/E/NE =,2026-05-06 11:05:00
SKBO,Bogotá / El Dorado,4.70306,-74.13833,06-05-2026 12:05:00,SKBO 061200Z 06004KT 4000 RA SCT010 BKN025 OVC050 13/13 Q1029 NOSIG =,2026-05-06 12:05:00
SKBO,Bogotá / El Dorado,4.70306,-74.13833,06-05-2026 12:05:00,SKBO 061206Z 04003KT 4000 1900NW RA SCT007 BKN020 OVC050 13/13 Q1029 NOSIG =,2026-05-06 12:05:00
SKBO,Bogotá / El Dorado,4.70306,-74.13833,06-05-2026 12:05:00,SKBO 061220Z 02003KT 320V050 9000 4400W RA FEW006 SCT024 OVC060 12/12 Q1029 BECMG FM1240 DZ=,2026-05-06 12:05:00
SKBO,Bogotá / El Dorado,4.70306,-74.13833,06-05-2026 12:05:00,SKBO 061237Z VRB01KT 9000 4400E SHRA FEW006 SCT012 BKN030 13/13 Q1030 TEMPO FM1300 4000 RA =,2026-05-06 12:05:00
SKBO,Bogotá / El Dorado,4.70306,-74.13833,06-05-2026 12:05:00,SKBO 061244Z VRB01KT 4000 SHRA SCT006 BKN020 13/13 Q1030 NOSIG =,2026-05-06 12:05:00
SKBO,Bogotá / El Dorado,4.70306,-74.13833,06-05-2026 13:05:00,SKBO 061300Z VRB01KT 9000 4400NW SHRA SCT006 BKN025 13/13 Q1030 BECMG FM1320 9999 NSW =,2026-05-06 13:05:00
SKBO,Bogotá / El Dorado,4.70306,-74.13833,06-05-2026 13:05:00,SKBO 061315Z 07003KT 030V120 9999 VCSH FEW015 BKN040 14/14 Q1030 RESHRA NOSIG RMK VCSH W/NW =,2026-05-06 13:05:00
SKBO,Bogotá / El Dorado,4.70306,-74.13833,06-05-2026 14:05:00,SKBO 061400Z 09006KT 030V160 9999 FEW009 SCT030 16/14 Q1030 RESHRA NOSIG =,2026-05-06 14:05:00
SKBO,Bogotá / El Dorado,4.70306,-74.13833,06-05-2026 15:05:00,SKBO 061500Z 10007KT 040V190 9999 SCT040 19/10 Q1030 NOSIG =,2026-05-06 15:05:00
SKBO,Bogotá / El Dorado,4.70306,-74.13833,06-05-2026 16:05:00,SKBO 061600Z 11010KT 040V160 9999 SCT040 19/08 Q1030 NOSIG =,2026-05-06 16:05:00
SKBO,Bogotá / El Dorado,4.70306,-74.13833,06-05-2026 17:05:00,SKBO 061700Z 12013KT 080V150 9999 SCT040 19/07 Q1029 NOSIG =,2026-05-06 17:05:00
SKBO,Bogotá / El Dorado,4.70306,-74.13833,06-05-2026 18:05:00,SKBO 061800Z 12010G22KT 050V150 9999 FEW020 SCT050 20/08 Q1028 NOSIG =,2026-05-06 18:05:00
SKBO,Bogotá / El Dorado,4.70306,-74.13833,06-05-2026 19:05:00,SKBO 061900Z 12011KT 9999 FEW020 SCT060 20/08 Q1027 NOSIG =,2026-05-06 19:05:00
SKBO,Bogotá / El Dorado,4.70306,-74.13833,06-05-2026 20:05:00,SKBO 062000Z 14010KT 100V190 9999 FEW020 SCT050 20/08 Q1026 NOSIG =,2026-05-06 20:05:00
SKBO,Bogotá / El Dorado,4.70306,-74.13833,06-05-2026 21:05:00,SKBO 062100Z 08006KT 030V160 9999 SCT060 20/08 Q1026 NOSIG =,2026-05-06 21:05:00
SKBO,Bogotá / El Dorado,4.70306,-74.13833,06-05-2026 22:05:00,SKBO 062200Z 10007KT 050V140 9999 FEW040 19/07 Q1026 NOSIG =,2026-05-06 22:05:00
SKBO,Bogotá / El Dorado,4.70306,-74.13833,06-05-2026 23:05:00,SKBO 062300Z 13008KT 080V150 9999 FEW040 18/07 Q1027 NOSIG =,2026-05-06 23:05:00
SKBO,Bogotá / El Dorado,4.70306,-74.13833,07-05-2026 00:05:00,SKBO 070000Z 12005KT 050V150 9999 FEW050 17/07 Q1027 NOSIG =,2026-05-07 00:05:00
SKBO,Bogotá / El Dorado,4.70306,-74.13833,07-05-2026 01:05:00,SKBO 070100Z 13007KT 100V160 9999 NSC 15/08 Q1028 NOSIG =,2026-05-07 01:05:00
SKBO,Bogotá / El Dorado,4.70306,-74.13833,07-05-2026 02:05:00,SKBO 070200Z 11004KT 050V140 9999 FEW040 15/07 Q1029 NOSIG =,2026-05-07 02:05:00
SKBO,Bogotá / El Dorado,4.70306,-74.13833,07-05-2026 03:05:00,SKBO 070300Z 07004KT 050V120 9999 FEW040 13/08 Q1030 NOSIG =,2026-05-07 03:05:00
SKBO,Bogotá / El Dorado,4.70306,-74.13833,07-05-2026 04:05:00,SKBO 070400Z 02003KT 9999 FEW040 11/10 Q1030 NOSIG =,2026-05-07 04:05:00
SKBO,Bogotá / El Dorado,4.70306,-74.13833,07-05-2026 05:05:00,SKBO 070500Z 04002KT 9999 BKN040 11/10 Q1030 NOSIG =,2026-05-07 05:05:00
SKBO,Bogotá / El Dorado,4.70306,-74.13833,07-05-2026 06:05:00,SKBO 070600Z 06004KT 030V100 9999 BKN050 12/11 Q1029 NOSIG =,2026-05-07 06:05:00
SKBO,Bogotá / El Dorado,4.70306,-74.13833,07-05-2026 07:05:00,SKBO 070700Z VRB02KT 9999 SCT060 11/10 Q1028 NOSIG =,2026-05-07 07:05:00
SKBO,Bogotá / El Dorado,4.70306,-74.13833,07-05-2026 08:05:00,SKBO 070800Z 35003KT 300V110 9999 FEW030 SCT050 BKN080 11/10 Q1028 NOSIG =,2026-05-07 08:05:00
SKBO,Bogotá / El Dorado,4.70306,-74.13833,07-05-2026 09:05:00,SKBO 070900Z VRB03KT 9999 VCSH FEW030 BKN050 OVC080 12/11 Q1028 NOSIG RMK VCSH /SE =,2026-05-07 09:05:00
SKBO,Bogotá / El Dorado,4.70306,-74.13833,07-05-2026 10:05:00,SKBO 071000Z 08003KT 050V150 9999 FEW030 BKN080 11/11 Q1028 NOSIG =,2026-05-07 10:05:00
SKBO,Bogotá / El Dorado,4.70306,-74.13833,07-05-2026 10:05:00,SKBO 071031Z 07004KT 030V120 9999 VCFG FEW040 BKN060 11/11 Q1028 NOSIG RMK VCFG NW/N =,2026-05-07 10:05:00
SKBO,Bogotá / El Dorado,4.70306,-74.13833,07-05-2026 11:05:00,SKBO 071100Z VRB03KT 9999 VCFG VCSH SCT030 BKN050 11/11 Q1028 NOSIG RMK VCSH /SE VCFG /N =,2026-05-07 11:05:00
SKBO,Bogotá / El Dorado,4.70306,-74.13833,07-05-2026 12:05:00,SKBO 071200Z 07003KT 010V120 9999 VCFG FEW010 BKN030 12/12 Q1028 NOSIG RMK VCFG/S/NW =,2026-05-07 12:05:00
SKBO,Bogotá / El Dorado,4.70306,-74.13833,07-05-2026 12:05:00,SKBO 071226Z 05004KT 010V090 9999 VCFG FEW010 BKN035 14/13 Q1029 NOSIG RMK VCFG/S/NW =,2026-05-07 12:05:00
SKBO,Bogotá / El Dorado,4.70306,-74.13833,07-05-2026 13:05:00,SKBO 071300Z VRB04KT 9000 FEW015 SCT040 14/13 Q1029 NOSIG RMK HZ=,2026-05-07 13:05:00
SKBO,Bogotá / El Dorado,4.70306,-74.13833,07-05-2026 13:05:00,SKBO 071315Z 07007KT 030V130 9999 FEW020 SCT040 16/12 Q1029 NOSIG RMK HZ=,2026-05-07 13:05:00
SKBO,Bogotá / El Dorado,4.70306,-74.13833,07-05-2026 14:05:00,SKBO 071400Z 07006KT 020V110 9999 FEW020 BKN035 16/11 Q1029 NOSIG RMK HZ=,2026-05-07 14:05:00
SKBO,Bogotá / El Dorado,4.70306,-74.13833,07-05-2026 15:05:00,SKBO 071500Z 21004KT 150V260 9999 BKN030 18/10 Q1029 NOSIG =,2026-05-07 15:05:00
SKBO,Bogotá / El Dorado,4.70306,-74.13833,07-05-2026 16:05:00,SKBO 071600Z 09008KT 050V140 9999 BKN040 18/10 Q1029 NOSIG =,2026-05-07 16:05:00
SKBO,Bogotá / El Dorado,4.70306,-74.13833,07-05-2026 17:05:00,SKBO 071700Z 12007KT 070V180 9999 VCSH BKN040 18/10 Q1028 TEMPO DZ RMK VCSH/SE =,2026-05-07 17:05:00
SKBO,Bogotá / El Dorado,4.70306,-74.13833,07-05-2026 18:05:00,SKBO 071800Z 13008KT 060V170 9999 SCT030 BKN060 18/10 Q1028 NOSIG =,2026-05-07 18:05:00
SKBO,Bogotá / El Dorado,4.70306,-74.13833,07-05-2026 19:05:00,SKBO 071900Z 17005KT 090V220 9999 RA FEW020 BKN040 18/09 Q1026 NOSIG =,2026-05-07 19:05:00
SKBO,Bogotá / El Dorado,4.70306,-74.13833,07-05-2026 20:05:00,SKBO 072000Z 07005KT 030V110 9999 SCT030 BKN060 17/13 Q1026 RERA NOSIG =,2026-05-07 20:05:00
SKBO,Bogotá / El Dorado,4.70306,-74.13833,07-05-2026 21:05:00,SKBO 072100Z 04004KT 360V070 9999 FEW030 BKN060 18/12 Q1025 NOSIG =,2026-05-07 21:05:00
SKBO,Bogotá / El Dorado,4.70306,-74.13833,07-05-2026 22:05:00,SKBO 072200Z 03007KT 360V070 9999 SCT035 SCT070 18/11 Q1025 NOSIG =,2026-05-07 22:05:00
SKBO,Bogotá / El Dorado,4.70306,-74.13833,07-05-2026 23:05:00,SKBO 072300Z 11003KT 030V170 9999 SCT040 18/11 Q1025 NOSIG =,2026-05-07 23:05:00
SKBO,Bogotá / El Dorado,4.70306,-74.13833,08-05-2026 00:05:00,SKBO 080000Z 25004KT 210V300 9999 FEW040 16/12 Q1026 NOSIG =,2026-05-08 00:05:00
SKBO,Bogotá / El Dorado,4.70306,-74.13833,08-05-2026 01:05:00,SKBO 080100Z 31005KT 270V340 9999 FEW015 SCT035 14/11 Q1027 NOSIG =,2026-05-08 01:05:00
SKBO,Bogotá / El Dorado,4.70306,-74.13833,08-05-2026 02:05:00,SKBO 080200Z VRB02KT 9999 SCT030 12/11 Q1027 NOSIG =,2026-05-08 02:05:00
SKBO,Bogotá / El Dorado,4.70306,-74.13833,08-05-2026 03:05:00,SKBO 080300Z VRB02KT 9999 SCT030 BKN050 12/11 Q1028 NOSIG =,2026-05-08 03:05:00
SKBO,Bogotá / El Dorado,4.70306,-74.13833,08-05-2026 04:05:00,SKBO 080400Z 35003KT 9999 FEW030 BKN050 13/11 Q1028 NOSIG =,2026-05-08 04:05:00
SKBO,Bogotá / El Dorado,4.70306,-74.13833,08-05-2026 05:05:00,SKBO 080500Z 35003KT 9999 FEW030 BKN080 12/12 Q1028 NOSIG =,2026-05-08 05:05:00
SKBO,Bogotá / El Dorado,4.70306,-74.13833,08-05-2026 06:05:00,SKBO 080600Z VRB01KT 9999 BKN070 12/11 Q1027 NOSIG =,2026-05-08 06:05:00
SKBO,Bogotá / El Dorado,4.70306,-74.13833,08-05-2026 07:05:00,SKBO 080700Z VRB01KT 9999 FEW015 BKN050 11/11 Q1027 NOSIG =,2026-05-08 07:05:00
SKBO,Bogotá / El Dorado,4.70306,-74.13833,08-05-2026 08:05:00,SKBO 080800Z VRB02KT 9999 FEW025 BKN050 12/12 Q1026 NOSIG =,2026-05-08 08:05:00
SKBO,Bogotá / El Dorado,4.70306,-74.13833,08-05-2026 09:05:00,SKBO 080900Z VRB01KT 9999 BKN040 11/11 Q1026 NOSIG =,2026-05-08 09:05:00
SKBO,Bogotá / El Dorado,4.70306,-74.13833,08-05-2026 10:05:00,SKBO 081000Z 34003KT 9999 MIFG NSC 10/10 Q1026 TEMPO 5000 BR =,2026-05-08 10:05:00
SKBO,Bogotá / El Dorado,4.70306,-74.13833,08-05-2026 10:05:00,SKBO 081030Z 01002KT 9999 MIFG FEW020 10/10 Q1026 TEMPO 5000 BR =,2026-05-08 10:05:00
SKBO,Bogotá / El Dorado,4.70306,-74.13833,08-05-2026 11:05:00,SKBO 081100Z 04002KT 9999 MIFG FEW005 SCT050 09/09 Q1026 TEMPO 5000 BCFG =,2026-05-08 11:05:00
SKBO,Bogotá / El Dorado,4.70306,-74.13833,08-05-2026 12:05:00,SKBO 081200Z 05003KT 9999 VCFG FEW035 BKN080 10/10 Q1027 NOSIG RMK VCFG SE/S =,2026-05-08 12:05:00
SKBO,Bogotá / El Dorado,4.70306,-74.13833,08-05-2026 12:05:00,SKBO 081211Z 06005KT 9999 VCFG FEW035 BKN080 13/13 Q1027 NOSIG RMK VCFG SE/S =,2026-05-08 12:05:00
SKBO,Bogotá / El Dorado,4.70306,-74.13833,08-05-2026 12:05:00,SKBO 081233Z 06005KT 9999 VCFG FEW040 BKN080 15/12 Q1027 NOSIG RMK VCFG S =,2026-05-08 12:05:00
SKBO,Bogotá / El Dorado,4.70306,-74.13833,08-05-2026 13:05:00,SKBO 081300Z 06005KT 020V110 9999 FEW040 SCT080 15/11 Q1028 NOSIG =,2026-05-08 13:05:00
SKBO,Bogotá / El Dorado,4.70306,-74.13833,08-05-2026 13:05:00,SKBO 081323Z 12005KT 030V160 9999 FEW040 SCT080 17/10 Q1028 NOSIG =,2026-05-08 13:05:00
SKBO,Bogotá / El Dorado,4.70306,-74.13833,08-05-2026 14:05:00,SKBO 081400Z 08005KT 040V150 9999 SCT040 17/10 Q1028 NOSIG =,2026-05-08 14:05:00
SKBO,Bogotá / El Dorado,4.70306,-74.13833,08-05-2026 15:05:00,SKBO 081500Z 07007KT 040V140 9999 BKN045 19/08 Q1028 =,2026-05-08 15:05:00
SKBO,Bogotá / El Dorado,4.70306,-74.13833,08-05-2026 16:05:00,SKBO 081600Z 09006KT 040V150 9999 BKN050 20/08 Q1027 NOSIG =,2026-05-08 16:05:00
SKBO,Bogotá / El Dorado,4.70306,-74.13833,08-05-2026 17:05:00,SKBO 081700Z 09007KT 050V160 9999 BKN050 20/08 Q1026 NOSIG =,2026-05-08 17:05:00
SKBO,Bogotá / El Dorado,4.70306,-74.13833,08-05-2026 18:05:00,SKBO 081800Z 10006KT 010V170 9999 BKN050 21/07 Q1026 NOSIG =,2026-05-08 18:05:00
SKBO,Bogotá / El Dorado,4.70306,-74.13833,08-05-2026 19:05:00,SKBO 081900Z 06008KT 020V120 9999 BKN050 21/09 Q1024 NOSIG =,2026-05-08 19:05:00
SKBO,Bogotá / El Dorado,4.70306,-74.13833,08-05-2026 20:05:00,SKBO 082000Z 10006KT 030V140 9999 FEW030TCU BKN052 20/09 Q1024 NOSIG RMK TCUNW =,2026-05-08 20:05:00
SKBO,Bogotá / El Dorado,4.70306,-74.13833,08-05-2026 21:05:00,SKBO 082100Z 24007KT 130V260 9999 SCT038TCU BKN055 18/13 Q1023 NOSIG RMK TCUSW/NW =,2026-05-08 21:05:00
SKBO,Bogotá / El Dorado,4.70306,-74.13833,08-05-2026 22:05:00,SKBO 082200Z 27005KT 170V310 9999 VCSH FEW025TCU SCT046 18/12 Q1023 NOSIG RMK TCUVCSH/NW =,2026-05-08 22:05:00
SKBO,Bogotá / El Dorado,4.70306,-74.13833,08-05-2026 23:05:00,SKBO 082300Z 29006KT 260V320 9999 VCSH FEW015TCU SCT029 16/14 Q1024 NOSIG RMK TCUVCSH/NW =,2026-05-08 23:05:00
SKBO,Bogotá / El Dorado,4.70306,-74.13833,09-05-2026 00:05:00,SKBO 090000Z VRB02KT 9999 FEW020 SCT080 15/14 Q1025 NOSIG =,2026-05-09 00:05:00
SKBO,Bogotá / El Dorado,4.70306,-74.13833,09-05-2026 01:05:00,SKBO 090100Z VRB02KT 9999 FEW025 13/13 Q1026 NOSIG =,2026-05-09 01:05:00
SKBO,Bogotá / El Dorado,4.70306,-74.13833,09-05-2026 02:05:00,SKBO 090200Z 35003KT 9999 FEW012 11/11 Q1027 NOSIG =,2026-05-09 02:05:00
SKBO,Bogotá / El Dorado,4.70306,-74.13833,09-05-2026 03:05:00,SKBO 090300Z 03002KT 9999 MIFG FEW015 11/11 Q1027 =,2026-05-09 03:05:00
SKBO,Bogotá / El Dorado,4.70306,-74.13833,09-05-2026 04:05:00,SKBO 090400Z 05006KT 9999 FEW010 11/10 Q1027 NOSIG =,2026-05-09 04:05:00
SKBO,Bogotá / El Dorado,4.70306,-74.13833,09-05-2026 05:05:00,SKBO 090500Z 04004KT 9999 FEW015 11/10 Q1027 NOSIG =,2026-05-09 05:05:00
SKBO,Bogotá / El Dorado,4.70306,-74.13833,09-05-2026 06:05:00,SKBO 090600Z 03002KT 9999 FEW010 11/10 Q1027 NOSIG =,2026-05-09 06:05:00
SKBO,Bogotá / El Dorado,4.70306,-74.13833,09-05-2026 07:05:00,SKBO 090700Z 05005KT 9999 FEW020 09/09 Q1026 NOSIG =,2026-05-09 07:05:00
SKBO,Bogotá / El Dorado,4.70306,-74.13833,09-05-2026 08:05:00,SKBO 090800Z 04005KT 9999 NSC 10/10 Q1025 =,2026-05-09 08:05:00
SKBO,Bogotá / El Dorado,4.70306,-74.13833,09-05-2026 09:05:00,SKBO 090900Z 36003KT 9999 NSC 09/09 Q1025 NOSIG =,2026-05-09 09:05:00
SKBO,Bogotá / El Dorado,4.70306,-74.13833,09-05-2026 10:05:00,SKBO 091000Z VRB02KT 9999 NSC 08/08 Q1025 =,2026-05-09 10:05:00
SKBO,Bogotá / El Dorado,4.70306,-74.13833,09-05-2026 10:05:00,SKBO 091042Z 04004KT 9999 VCFG FEW020 08/08 Q1025 NOSIG =,2026-05-09 10:05:00
SKBO,Bogotá / El Dorado,4.70306,-74.13833,09-05-2026 11:05:00,SKBO 091100Z 05005KT 9999 VCFG FEW020 08/08 Q1026 NOSIG RMK VCFG/NW/N =,2026-05-09 11:05:00
SKBO,Bogotá / El Dorado,4.70306,-74.13833,09-05-2026 11:05:00,SKBO 091130Z 06005KT 030V090 9999 VCFG FEW020 10/10 Q1026 NOSIG RMK VCFG/NE/N =,2026-05-09 11:05:00
SKBO,Bogotá / El Dorado,4.70306,-74.13833,09-05-2026 12:05:00,SKBO 091200Z 07005KT 040V120 9999 VCFG NSC 11/10 Q1026 NOSIG RMK VCFG/NE =,2026-05-09 12:05:00
SKBO,Bogotá / El Dorado,4.70306,-74.13833,09-05-2026 13:05:00,SKBO 091300Z 05007KT 9999 VCFG NSC 13/10 Q1027 NOSIG RMK VCFG/NE =,2026-05-09 13:05:00
SKBO,Bogotá / El Dorado,4.70306,-74.13833,09-05-2026 13:05:00,SKBO 091321Z 05007KT CAVOK 15/10 Q1027 NOSIG =,2026-05-09 13:05:00
SKBO,Bogotá / El Dorado,4.70306,-74.13833,09-05-2026 14:05:00,SKBO 091400Z 05006KT 020V080 CAVOK 16/09 Q1027 NOSIG =,2026-05-09 14:05:00
SKBO,Bogotá / El Dorado,4.70306,-74.13833,09-05-2026 14:05:00,SKBO 091421Z 06009KT 030V090 CAVOK 18/08 Q1027 NOSIG =,2026-05-09 14:05:00
SKBO,Bogotá / El Dorado,4.70306,-74.13833,09-05-2026 15:05:00,SKBO 091500Z 10009KT 050V150 CAVOK 19/04 Q1027 NOSIG =,2026-05-09 15:05:00
SKBO,Bogotá / El Dorado,4.70306,-74.13833,09-05-2026 16:05:00,SKBO 091600Z 11012KT 080V150 CAVOK 20/02 Q1026 NOSIG =,2026-05-09 16:05:00
SKBO,Bogotá / El Dorado,4.70306,-74.13833,09-05-2026 17:05:00,SKBO 091700Z 12011KT 090V160 9999 FEW060 20/07 Q1026 NOSIG =,2026-05-09 17:05:00
SKBO,Bogotá / El Dorado,4.70306,-74.13833,09-05-2026 18:05:00,SKBO 091800Z 12009KT 050V170 9999 SCT060 21/07 Q1025 NOSIG =,2026-05-09 18:05:00
SKBO,Bogotá / El Dorado,4.70306,-74.13833,09-05-2026 19:05:00,SKBO 091900Z 10008KT 060V160 9999 SCT050 21/08 Q1024 NOSIG =,2026-05-09 19:05:00
SKBO,Bogotá / El Dorado,4.70306,-74.13833,09-05-2026 20:05:00,SKBO 092000Z 12009KT 080V150 9999 BKN050 20/07 Q1023 NOSIG =,2026-05-09 20:05:00
SKBO,Bogotá / El Dorado,4.70306,-74.13833,09-05-2026 21:05:00,SKBO 092100Z VRB06KT 9999 BKN050 19/07 Q1023 NOSIG =,2026-05-09 21:05:00
SKBO,Bogotá / El Dorado,4.70306,-74.13833,09-05-2026 22:05:00,SKBO 092200Z VRB04KT 9999 BKN055 19/07 Q1023 NOSIG =,2026-05-09 22:05:00
SKBO,Bogotá / El Dorado,4.70306,-74.13833,09-05-2026 23:05:00,SKBO 092300Z 11006KT 070V140 9999 SCT060 19/07 Q1024 NOSIG =,2026-05-09 23:05:00
SKBO,Bogotá / El Dorado,4.70306,-74.13833,10-05-2026 00:05:00,SKBO 100000Z 14012KT 9999 NSC 15/09 Q1025 NOSIG =,2026-05-10 00:05:00
SKBO,Bogotá / El Dorado,4.70306,-74.13833,10-05-2026 01:05:00,SKBO 100100Z 13007KT 9999 FEW020 15/08 Q1026 NOSIG =,2026-05-10 01:05:00
SKBO,Bogotá / El Dorado,4.70306,-74.13833,10-05-2026 02:05:00,SKBO 100200Z 11006KT 070V140 9999 FEW030 15/09 Q1027 NOSIG =,2026-05-10 02:05:00
SKBO,Bogotá / El Dorado,4.70306,-74.13833,10-05-2026 03:05:00,SKBO 100300Z 11007KT 070V140 9999 FEW040 14/07 Q1027 NOSIG =,2026-05-10 03:05:00
SKBO,Bogotá / El Dorado,4.70306,-74.13833,10-05-2026 04:05:00,SKBO 100400Z 11006KT 070V140 9999 NSC 14/07 Q1027 NOSIG =,2026-05-10 04:05:00
SKBO,Bogotá / El Dorado,4.70306,-74.13833,10-05-2026 05:05:00,SKBO 100500Z VRB02KT 9999 FEW060 10/09 Q1027 NOSIG =,2026-05-10 05:05:00
SKBO,Bogotá / El Dorado,4.70306,-74.13833,10-05-2026 06:05:00,SKBO 100600Z VRB04KT 9999 SCT060 11/09 Q1026 NOSIG =,2026-05-10 06:05:00
SKBO,Bogotá / El Dorado,4.70306,-74.13833,10-05-2026 07:05:00,SKBO 100700Z VRB01KT 9999 SCT070 11/09 Q1026 NOSIG =,2026-05-10 07:05:00
SKBO,Bogotá / El Dorado,4.70306,-74.13833,10-05-2026 08:05:00,SKBO 100800Z 05005KT 9999 BKN070 11/10 Q1025 NOSIG =,2026-05-10 08:05:00
SKBO,Bogotá / El Dorado,4.70306,-74.13833,10-05-2026 09:05:00,SKBO 100900Z 08005KT 050V110 9999 FEW060 11/10 Q1025 NOSIG =,2026-05-10 09:05:00
SKBO,Bogotá / El Dorado,4.70306,-74.13833,10-05-2026 10:05:00,SKBO 101000Z 05003KT 020V080 9999 FEW050 12/10 Q1026 NOSIG =,2026-05-10 10:05:00
SKBO,Bogotá / El Dorado,4.70306,-74.13833,10-05-2026 10:05:00,SKBO 101028Z 07007KT 9999 SCT030 11/10 Q1026 NOSIG =,2026-05-10 10:05:00
SKBO,Bogotá / El Dorado,4.70306,-74.13833,10-05-2026 11:05:00,SKBO 101100Z 07007KT 9999 BKN035 12/10 Q1026 NOSIG =,2026-05-10 11:05:00
SKBO,Bogotá / El Dorado,4.70306,-74.13833,10-05-2026 12:05:00,SKBO 101200Z 06006KT 030V130 9999 BKN025 13/11 Q1027 NOSIG =,2026-05-10 12:05:00
SKBO,Bogotá / El Dorado,4.70306,-74.13833,10-05-2026 12:05:00,SKBO 101230Z 07005KT 040V150 9999 BKN025 15/11 Q1028 NOSIG =,2026-05-10 12:05:00
SKBO,Bogotá / El Dorado,4.70306,-74.13833,10-05-2026 13:05:00,SKBO 101300Z 13006KT 070V200 9999 SCT035 16/10 Q1028 NOSIG =,2026-05-10 13:05:00
SKBO,Bogotá / El Dorado,4.70306,-74.13833,10-05-2026 14:05:00,SKBO 101400Z VRB04KT 9999 SCT045 17/09 Q1028 NOSIG =,2026-05-10 14:05:00
SKBO,Bogotá / El Dorado,4.70306,-74.13833,10-05-2026 15:05:00,SKBO 101500Z 13006KT 080V190 9999 SCT040 19/09 Q1028 NOSIG =,2026-05-10 15:05:00
SKBO,Bogotá / El Dorado,4.70306,-74.13833,10-05-2026 16:05:00,SKBO 101600Z 15009KT 130V190 9999 SCT045 SCT065 19/11 Q1027 NOSIG =,2026-05-10 16:05:00
SKBO,Bogotá / El Dorado,4.70306,-74.13833,10-05-2026 17:05:00,SKBO 101700Z 16010KT 100V190 9999 SCT050 20/10 Q1027 NOSIG =,2026-05-10 17:05:00
SKBO,Bogotá / El Dorado,4.70306,-74.13833,10-05-2026 18:05:00,SKBO 101800Z 14014KT 9999 BKN040 19/10 Q1026 NOSIG =,2026-05-10 18:05:00
SKBO,Bogotá / El Dorado,4.70306,-74.13833,10-05-2026 19:05:00,SKBO 101900Z 15009KT 100V190 9999 BKN040 19/10 Q1025 NOSIG =,2026-05-10 19:05:00
SKBO,Bogotá / El Dorado,4.70306,-74.13833,10-05-2026 20:05:00,SKBO 102000Z 13007KT 080V180 9999 BKN040 19/10 Q1025 NOSIG =,2026-05-10 20:05:00
SKBO,Bogotá / El Dorado,4.70306,-74.13833,10-05-2026 21:05:00,SKBO 102100Z 11005KT 070V180 9999 BKN030 19/10 Q1024 NOSIG =,2026-05-10 21:05:00
SKBO,Bogotá / El Dorado,4.70306,-74.13833,10-05-2026 22:05:00,SKBO 102200Z 10005KT 060V150 9999 BKN030 18/10 Q1025 NOSIG =,2026-05-10 22:05:00
SKBO,Bogotá / El Dorado,4.70306,-74.13833,10-05-2026 23:05:00,SKBO 102300Z 08006KT 030V150 9999 BKN030 17/11 Q1026 NOSIG =,2026-05-10 23:05:00
SKBO,Bogotá / El Dorado,4.70306,-74.13833,11-05-2026 00:05:00,SKBO 110000Z 09003KT 040V130 9999 FEW040 16/11 Q1027 NOSIG =,2026-05-11 00:05:00
SKBO,Bogotá / El Dorado,4.70306,-74.13833,11-05-2026 01:05:00,SKBO 110100Z 07003KT 040V130 9999 FEW010 SCT040 14/11 Q1027 NOSIG =,2026-05-11 01:05:00
SKBO,Bogotá / El Dorado,4.70306,-74.13833,11-05-2026 02:05:00,SKBO 110200Z 04003KT 020V090 9999 FEW015 SCT040 14/11 Q1028 NOSIG =,2026-05-11 02:05:00
SKBO,Bogotá / El Dorado,4.70306,-74.13833,11-05-2026 03:05:00,SKBO 110300Z 05004KT 9999 FEW015 BKN040 14/12 Q1029 NOSIG =,2026-05-11 03:05:00
SKBO,Bogotá / El Dorado,4.70306,-74.13833,11-05-2026 07:05:00,SKBO 110700Z 03003KT 350V070 9999 BKN030 13/12 Q1027 NOSIG =,2026-05-11 07:05:00
SKBO,Bogotá / El Dorado,4.70306,-74.13833,11-05-2026 08:05:00,SKBO 110800Z VRB02KT 9999 BKN030 13/12 Q1026 NOSIG =,2026-05-11 08:05:00
SKBO,Bogotá / El Dorado,4.70306,-74.13833,11-05-2026 09:05:00,SKBO 110900Z 04006KT 9999 BKN035 12/12 Q1026 NOSIG =,2026-05-11 09:05:00
SKBO,Bogotá / El Dorado,4.70306,-74.13833,11-05-2026 10:05:00,SKBO 111000Z 07005KT 9999 BKN035 13/13 Q1027 NOSIG =,2026-05-11 10:05:00
SKBO,Bogotá / El Dorado,4.70306,-74.13833,11-05-2026 10:05:00,SKBO 111030Z 02004KT 9999 BKN030 13/13 Q1027 NOSIG =,2026-05-11 10:05:00
SKBO,Bogotá / El Dorado,4.70306,-74.13833,11-05-2026 11:05:00,SKBO 111100Z 02004KT 9999 FEW015 SCT030 BKN050 13/12 Q1027 NOSIG =,2026-05-11 11:05:00
SKBO,Bogotá / El Dorado,4.70306,-74.13833,11-05-2026 12:05:00,SKBO 111200Z 07005KT 9999 SCT030 BKN070 13/12 Q1028 NOSIG =,2026-05-11 12:05:00
SKBO,Bogotá / El Dorado,4.70306,-74.13833,11-05-2026 12:05:00,SKBO 111235Z 08005KT 030V150 9999 SCT030 OVC070 15/12 Q1028 NOSIG =,2026-05-11 12:05:00
SKBO,Bogotá / El Dorado,4.70306,-74.13833,11-05-2026 13:05:00,SKBO 111300Z 07006KT 030V150 9999 BKN035 OVC070 15/12 Q1028 NOSIG =,2026-05-11 13:05:00
SKBO,Bogotá / El Dorado,4.70306,-74.13833,11-05-2026 14:05:00,SKBO 111400Z 07005KT 030V130 9999 FEW025 SCT050 BKN070 16/12 Q1029 NOSIG =,2026-05-11 14:05:00
SKBO,Bogotá / El Dorado,4.70306,-74.13833,11-05-2026 15:05:00,SKBO 111500Z VRB03KT 9999 -DZ FEW025 OVC035 17/11 Q1029 NOSIG =,2026-05-11 15:05:00
SKBO,Bogotá / El Dorado,4.70306,-74.13833,11-05-2026 16:05:00,SKBO 111600Z 05006KT 010V090 9999 SCT030 OVC050 18/13 Q1028 REDZ NOSIG =,2026-05-11 16:05:00
SKBO,Bogotá / El Dorado,4.70306,-74.13833,11-05-2026 17:05:00,SKBO 111700Z 12006KT 020V180 9999 VCSH BKN030TCU OVC060 19/11 Q1028 NOSIG RMK TCU/ SE VCSH/ SE/ W =,2026-05-11 17:05:00
SKBO,Bogotá / El Dorado,4.70306,-74.13833,11-05-2026 18:05:00,SKBO 111800Z 19005KT 150V220 9999 -RA FEW020TCU BKN030 18/12 Q1027 NOSIG RMK TCUSE =,2026-05-11 18:05:00
SKBO,Bogotá / El Dorado,4.70306,-74.13833,11-05-2026 18:05:00,SKBO 111806Z 09004KT 070V150 8000 RA SCT020TCU BKN030 17/13 Q1027 NOSIG =,2026-05-11 18:05:00
SKBO,Bogotá / El Dorado,4.70306,-74.13833,11-05-2026 19:05:00,SKBO 111900Z 13009KT 9999 VCSH FEW015 BKN030 16/13 Q1026 RERA NOSIG RMK VCSH/N =,2026-05-11 19:05:00
SKBO,Bogotá / El Dorado,4.70306,-74.13833,11-05-2026 19:05:00,SKBO 111915Z 14003KT 050V200 9999 VCSH FEW017 BKN030 18/13 Q1026 NOSIG RMK VCSH/SE =,2026-05-11 19:05:00
SKBO,Bogotá / El Dorado,4.70306,-74.13833,11-05-2026 20:05:00,SKBO 112000Z 15008KT 120V210 9999 -DZ FEW017 BKN030 17/13 Q1026 NOSIG =,2026-05-11 20:05:00
SKBO,Bogotá / El Dorado,4.70306,-74.13833,11-05-2026 20:05:00,SKBO 112030Z 16005KT 9999 SCT030 SCT050 19/13 Q1025 NOSIG =,2026-05-11 20:05:00
SKBO,Bogotá / El Dorado,4.70306,-74.13833,11-05-2026 21:05:00,SKBO 112100Z 10003KT 010V170 9999 SCT030 SCT050 18/12 Q1025 NOSIG =,2026-05-11 21:05:00
SKBO,Bogotá / El Dorado,4.70306,-74.13833,11-05-2026 22:05:00,SKBO 112200Z 05003KT 360V150 9999 BKN030 18/13 Q1025 NOSIG =,2026-05-11 22:05:00
SKBO,Bogotá / El Dorado,4.70306,-74.13833,11-05-2026 23:05:00,SKBO 112300Z 14006KT 9999 VCSH BKN030 17/12 Q1026 TEMPO RA RMK VCSH/NE/E =,2026-05-11 23:05:00
SKBO,Bogotá / El Dorado,4.70306,-74.13833,11-05-2026 23:05:00,SKBO 112321Z VRB03KT 9999 4900N RA FEW015 BKN035 16/12 Q1027 TEMPO RA =,2026-05-11 23:05:00
SKBO,Bogotá / El Dorado,4.70306,-74.13833,12-05-2026 00:05:00,SKBO 120000Z 31003KT 260V360 9999 -SHRA FEW015 BKN035 15/13 Q1028 NOSIG =,2026-05-12 00:05:00
SKBO,Bogotá / El Dorado,4.70306,-74.13833,12-05-2026 01:05:00,SKBO 120100Z 30004KT 250V350 9999 FEW010 SCT025 BKN050 15/13 Q1028 NOSIG =,2026-05-12 01:05:00
SKBO,Bogotá / El Dorado,4.70306,-74.13833,12-05-2026 02:05:00,SKBO 120200Z 04003KT 9999 -DZ FEW015 BKN025 14/14 Q1029 NOSIG =,2026-05-12 02:05:00
SKBO,Bogotá / El Dorado,4.70306,-74.13833,12-05-2026 03:05:00,SKBO 120300Z 09003KT 050V170 9999 FEW010 SCT025 BKN100 14/12 Q1030 REDZ NOSIG =,2026-05-12 03:05:00
SKBO,Bogotá / El Dorado,4.70306,-74.13833,12-05-2026 04:05:00,SKBO 120400Z VRB03KT 9999 FEW020 BKN040 BKN070 13/11 Q1030 NOSIG =,2026-05-12 04:05:00
SKBO,Bogotá / El Dorado,4.70306,-74.13833,12-05-2026 05:05:00,SKBO 120500Z 33003KT 9999 SCT030 BKN045 13/12 Q1030 NOSIG =,2026-05-12 05:05:00
SKBO,Bogotá / El Dorado,4.70306,-74.13833,12-05-2026 06:05:00,SKBO 120600Z 07003KT 030V110 9999 FEW015 BKN035 13/12 Q1029 NOSIG =,2026-05-12 06:05:00
SKBO,Bogotá / El Dorado,4.70306,-74.13833,12-05-2026 07:05:00,SKBO 120700Z VRB04KT 9999 FEW030 BKN070 13/12 Q1028 NOSIG =,2026-05-12 07:05:00
SKBO,Bogotá / El Dorado,4.70306,-74.13833,12-05-2026 08:05:00,SKBO 120800Z VRB02KT 9999 FEW030 BKN070 12/12 Q1027 NOSIG =,2026-05-12 08:05:00
SKBO,Bogotá / El Dorado,4.70306,-74.13833,12-05-2026 09:05:00,SKBO 120900Z 04005KT 9999 FEW030 11/11 Q1027 NOSIG =,2026-05-12 09:05:00
SKBO,Bogotá / El Dorado,4.70306,-74.13833,12-05-2026 10:05:00,SKBO 121000Z VRB05KT 9999 BKN030 11/11 Q1028 NOSIG =,2026-05-12 10:05:00
SKBO,Bogotá / El Dorado,4.70306,-74.13833,12-05-2026 10:05:00,SKBO 121030Z 08006KT 060V130 9999 FEW015 BKN030 12/12 Q1028 NOSIG =,2026-05-12 10:05:00
SKBO,Bogotá / El Dorado,4.70306,-74.13833,12-05-2026 11:05:00,SKBO 121100Z 08005KT 040V120 9999 FEW020 BKN040 12/11 Q1028 NOSIG =,2026-05-12 11:05:00
SKBO,Bogotá / El Dorado,4.70306,-74.13833,12-05-2026 11:05:00,SKBO 121122Z 12007KT 9999 FEW015 SCT030 14/10 Q1029 NOSIG =,2026-05-12 11:05:00
SKBO,Bogotá / El Dorado,4.70306,-74.13833,12-05-2026 12:05:00,SKBO 121200Z 09006KT 020V120 9999 FEW020 SCT040 14/10 Q1029 NOSIG =,2026-05-12 12:05:00
SKBO,Bogotá / El Dorado,4.70306,-74.13833,12-05-2026 13:05:00,SKBO 121300Z 09009KT 020V120 9999 FEW020 SCT040 15/11 Q1030 NOSIG =,2026-05-12 13:05:00
SKBO,Bogotá / El Dorado,4.70306,-74.13833,12-05-2026 14:05:00,SKBO 121400Z 07010KT 040V120 9999 FEW020 SCT050 16/11 Q1030 NOSIG =,2026-05-12 14:05:00
SKBO,Bogotá / El Dorado,4.70306,-74.13833,12-05-2026 15:05:00,SKBO 121500Z 06008KT 020V090 9999 SCT030 BKN100 17/12 Q1030 NOSIG =,2026-05-12 15:05:00
SKBO,Bogotá / El Dorado,4.70306,-74.13833,12-05-2026 16:05:00,SKBO 121600Z 14013KT 080V150 9999 SCT030 BKN045 19/11 Q1029 NOSIG =,2026-05-12 16:05:00
SKBO,Bogotá / El Dorado,4.70306,-74.13833,12-05-2026 17:05:00,SKBO 121700Z 15007KT 120V200 9999 SCT030 BKN050 19/11 Q1029 NOSIG =,2026-05-12 17:05:00
SKBO,Bogotá / El Dorado,4.70306,-74.13833,12-05-2026 18:05:00,SKBO 121800Z 09008KT 060V120 9999 SCT003 BKN050 18/11 Q1028 NOSIG =,2026-05-12 18:05:00
SKBO,Bogotá / El Dorado,4.70306,-74.13833,12-05-2026 19:05:00,SKBO 121900Z VRB05KT 9999 VCSH FEW020 BKN050 19/10 Q1027 NOSIG RMK VCSH/NE/N =,2026-05-12 19:05:00
SKBO,Bogotá / El Dorado,4.70306,-74.13833,12-05-2026 19:05:00,SKBO 121928Z 08003KT 020V120 9999 DZ FEW030 BKN050 19/11 Q1026 TEMPO RA =,2026-05-12 19:05:00
SKBO,Bogotá / El Dorado,4.70306,-74.13833,12-05-2026 20:05:00,SKBO 122000Z VRB05KT 9999 DZ FEW020 BKN040 18/11 Q1026 TEMPO RA =,2026-05-12 20:05:00
SKBO,Bogotá / El Dorado,4.70306,-74.13833,12-05-2026 21:05:00,SKBO 122100Z 31004KT 260V360 9999 VCSH FEW029 OVC050 18/11 Q1026 REDZ TEMPO RA RMK VCSH/SE/N =,2026-05-12 21:05:00
SKBO,Bogotá / El Dorado,4.70306,-74.13833,12-05-2026 21:05:00,SKBO 122105Z 29004KT 230V330 9999 RA FEW014 BKN050 18/13 Q1026 NOSIG =,2026-05-12 21:05:00
SKBO,Bogotá / El Dorado,4.70306,-74.13833,12-05-2026 22:05:00,SKBO 122200Z 31004KT 230V350 9999 RA SCT020 BKN030 15/14 Q1026 NOSIG =,2026-05-12 22:05:00
SKBO,Bogotá / El Dorado,4.70306,-74.13833,12-05-2026 23:05:00,SKBO 122300Z VRB01KT 9999 RA FEW015 BKN025 15/13 Q1027 NOSIG =,2026-05-12 23:05:00
SKBO,Bogotá / El Dorado,4.70306,-74.13833,13-05-2026 00:05:00,SKBO 130000Z 36002KT 9999 FEW012 BKN030 14/14 Q1028 RERA NOSIG =,2026-05-13 00:05:00
SKBO,Bogotá / El Dorado,4.70306,-74.13833,13-05-2026 00:05:00,SKBO 130038Z VRB03KT 9999 DZ FEW012 BKN025 14/14 Q1029 BECMG FM0115 NSW =,2026-05-13 00:05:00
SKBO,Bogotá / El Dorado,4.70306,-74.13833,13-05-2026 01:05:00,SKBO 130100Z 10004KT 070V150 9999 -DZ FEW013 BKN025 14/13 Q1029 BECMG TL0130 NSW =,2026-05-13 01:05:00
SKBO,Bogotá / El Dorado,4.70306,-74.13833,13-05-2026 01:05:00,SKBO 130126Z 04004KT 9999 FEW020 BKN040 14/13 Q1029 REDZ NOSIG =,2026-05-13 01:05:00
SKBO,Bogotá / El Dorado,4.70306,-74.13833,13-05-2026 02:05:00,SKBO 130200Z 04005KT 9999 FEW025 BKN040 13/13 Q1029 NOSIG =,2026-05-13 02:05:00
SKBO,Bogotá / El Dorado,4.70306,-74.13833,13-05-2026 03:05:00,SKBO 130300Z 36003KT 9999 FEW020 BKN030 14/13 Q1030 NOSIG =,2026-05-13 03:05:00
SKBO,Bogotá / El Dorado,4.70306,-74.13833,13-05-2026 04:05:00,SKBO 130400Z 03003KT 340V060 9999 VCSH FEW020 BKN050 13/13 Q1030 NOSIG RMK VCSH/N =,2026-05-13 04:05:00
